{
    "cx" : 0.49568554759025574,
    "cy" : 0.48736530542373657,
    "fx" : 1.0035566091537476,
    "fy" : 0.75266742706298828 
}