{
    "cx" : 0.49601012468338013,
    "cy" : 0.48434543609619141,
    "fx" : 1.0046125650405884,
    "fy" : 0.7534593939781189
}