{
    "cx" : 0.49701717495918274,
    "cy" : 0.48407855629920959,
    "fx" : 1.0042450428009033,
    "fy" : 0.75318378210067749
}